{
    "LeBron James": {
        "2002": 0,
        "2003": 1654,
        "2004": 2175,
        "2005": 2478,
        "2006": 2132,
        "2007": 2250,
        "2008": 2304,
        "2009": 2258,
        "2010": 2111,
        "2011": 1683,
        "2012": 2036,
        "2013": 2089,
        "2014": 1743,
        "2015": 1920,
        "2016": 1954,
        "2017": 2251,
        "2018": 1505,
        "2019": 1698,
        "2020": 1126,
        "2021": 1695,
        "2022": 1590
    },
    "Kareem Abdul-Jabbar": {
        "1968": 0,
        "1969": 2361,
        "1970": 2596,
        "1971": 2822,
        "1972": 2292,
        "1973": 2191,
        "1974": 1949,
        "1975": 2275,
        "1976": 2152,
        "1977": 1600,
        "1978": 1903,
        "1979": 2034,
        "1980": 2095,
        "1981": 1818,
        "1982": 1722,
        "1983": 1717,
        "1984": 1735,
        "1985": 1846,
        "1986": 1366,
        "1987": 1165,
        "1988": 748
    },
    "Karl Malone": {
        "1984": 0,
        "1985": 1203,
        "1986": 1779,
        "1987": 2268,
        "1988": 2326,
        "1989": 2540,
        "1990": 2382,
        "1991": 2272,
        "1992": 2217,
        "1993": 2063,
        "1994": 2187,
        "1995": 2106,
        "1996": 2249,
        "1997": 2190,
        "1998": 1164,
        "1999": 2095,
        "2000": 1878,
        "2001": 1788,
        "2002": 1667,
        "2003": 554
    },
    "Kobe Bryant": {
        "1995": 0,
        "1996": 539,
        "1997": 1220,
        "1998": 996,
        "1999": 1485,
        "2000": 1938,
        "2001": 2019,
        "2002": 2461,
        "2003": 1557,
        "2004": 1819,
        "2005": 2832,
        "2006": 2430,
        "2007": 2323,
        "2008": 2201,
        "2009": 1970,
        "2010": 2078,
        "2011": 1616,
        "2012": 2133,
        "2013": 83,
        "2014": 782,
        "2015": 1161
    },
    "Michael Jordan": {
        "1983": 0,
        "1984": 2313,
        "1985": 408,
        "1986": 3041,
        "1987": 2868,
        "1988": 2633,
        "1989": 2753,
        "1990": 2580,
        "1991": 2404,
        "1992": 2541,
        "1994": 457,
        "1995": 2491,
        "1996": 2431,
        "1997": 2357,
        "2001": 1375,
        "2002": 1640
    },
    "Dirk Nowitzki": {
        "1997": 0,
        "1998": 385,
        "1999": 1435,
        "2000": 1784,
        "2001": 1779,
        "2002": 2011,
        "2003": 1680,
        "2004": 2032,
        "2005": 2151,
        "2006": 1916,
        "2007": 1817,
        "2008": 2094,
        "2009": 2027,
        "2010": 1681,
        "2011": 1342,
        "2012": 917,
        "2013": 1735,
        "2014": 1333,
        "2015": 1372,
        "2016": 769,
        "2017": 927,
        "2018": 373
    },
    "Wilt Chamberlain": {
        "1958": 0,
        "1959": 2707,
        "1960": 3033,
        "1961": 4029,
        "1962": 3586,
        "1963": 2948,
        "1964": 2534,
        "1965": 2649,
        "1966": 1954,
        "1967": 1994,
        "1968": 1662,
        "1969": 328,
        "1970": 1696,
        "1971": 1213,
        "1972": 1084
    },
    "Shaquille O'Neal": {
        "1991": 0,
        "1992": 1893,
        "1993": 2377,
        "1994": 2315,
        "1995": 1434,
        "1996": 1336,
        "1997": 1699,
        "1998": 1289,
        "1999": 2344,
        "2000": 2125,
        "2001": 1822,
        "2002": 1841,
        "2003": 1439,
        "2004": 1669,
        "2005": 1181,
        "2006": 690,
        "2007": 832,
        "2008": 1333,
        "2009": 636,
        "2010": 341
    },
    "Carmelo Anthony": {
        "2002": 0,
        "2003": 1725,
        "2004": 1558,
        "2005": 2122,
        "2006": 1881,
        "2007": 1978,
        "2008": 1504,
        "2009": 1943,
        "2010": 1970,
        "2011": 1245,
        "2012": 1920,
        "2013": 2112,
        "2014": 966,
        "2015": 1573,
        "2016": 1659,
        "2017": 1261,
        "2018": 134,
        "2019": 895,
        "2020": 924,
        "2021": 919
    },
    "Moses Malone": {
        "1975": 0,
        "1976": 1083,
        "1977": 1144,
        "1978": 2029,
        "1979": 2119,
        "1980": 2222,
        "1981": 2520,
        "1982": 1908,
        "1983": 1609,
        "1984": 1941,
        "1985": 1759,
        "1986": 1758,
        "1987": 1607,
        "1988": 1637,
        "1989": 1528,
        "1990": 869,
        "1991": 1279,
        "1992": 50,
        "1993": 294,
        "1994": 49
    }
}