{
  "Arizona": ["Phoenix Suns"],
  "California": ["Los Angeles Lakers", "Los Angeles Clippers", "Sacramento Kings", "Golden State Warriors"],
  "Colorado": ["Denver Nuggets"],
  "Florida": ["Miami Heat", "Orlando Magic"],
  "Georgia": ["Atlanta Hawks"],
  "Illinois": ["Chicago Bulls"],
  "Indiana": ["Indiana Pacers"],
  "Louisiana": ["New Orleans Pelicans"],
  "Massachusetts": ["Boston Celtics"],
  "Michigan": ["Detroit Pistons"],
  "Minnesota": ["Minnesota Timberwolves"],
  "New York": ["New York Knicks", "Brooklyn Nets"],
  "North Carolina": ["Charlotte Hornets"],
  "Ohio": ["Cleveland Cavaliers"],
  "Oklahoma": ["Oklahoma City Thunder"],
  "Oregon": ["Portland Trail Blazers"],
  "Pennsylvania": ["Philadelphia 76ers"],
  "Tennessee": ["Memphis Grizzlies"],
  "Texas": ["Houston Rockets", "San Antonio Spurs", "Dallas Mavericks"],
  "Toronto": ["Toronto Raptors"],
  "Utah": ["Utah Jazz"],
  "Wisconsin": ["Milwaukee Bucks"],
  "Washington": ["Washington Wizards"]
}
