{
  "Arizona": ["Phoenix"],
  "California": ["Los Angeles", "Sacramento", "Golden State"],
  "Colorado": ["Denver"],
  "Florida": ["Miami", "Orlando"],
  "Georgia": ["Atlanta"],
  "Illinois": ["Chicago"],
  "Indiana": ["Indiana"],
  "Louisiana": ["New Orleans"],
  "Massachusetts": ["Boston"],
  "Michigan": ["Detroit"],
  "Minnesota": ["Minnesota"],
  "New York": ["New York", "Brooklyn"],
  "North Carolina": ["Charlotte"],
  "Ohio": ["Cleveland"],
  "Oklahoma": ["Oklahoma City"],
  "Oregon": ["Portland"],
  "Pennsylvania": ["Philadelphia"],
  "Tennessee": ["Memphis"],
  "Texas": ["Houston", "San Antonio", "Dallas"],
  "Toronto": ["Toronto"],
  "Utah": ["Utah"],
  "Wisconsin": ["Milwaukee"],
  "Washington": ["Washington"]
}
